kappa,angle_rad,a_parameter,field_size,unit_length,T_parameter,gstools_model_anis_ratio,gstools_model_rescale_factor,gstools_model_len_scale,level_val,total_points_generated,sigma_emp_xx,sigma_emp_xy,sigma_emp_yy,estimated_angle_cabana,estimated_kappa_cabana,empirical_cosine_cabana,empirical_sine_cabana,euler_characteristic,perimeter,volume_sublevel_set,perimeter_cabana,estimated_kappa_BD,statistics_BD,mean_statistics_BD,euler_characteristic_scikit_1,euler_characteristic_scikit_2,estimated_kappa_BD_scikit_1,estimated_kappa_BD_scikit_2,chi2_statistic,chi2_pvalue,factor_divide
0.5,1,1.074569931823542,1000,5,200.0,0.8660254037844385,0.2,[1.51967137 1.31607401],0,10000000,0.4495194208157039,-0.027934265841612946,0.5504780306540561,1.3178414971044767,0.5155619858149685,-1996.2638343111707,-1105.9317795878303,2.5955235293730685,19780.490677536804,19929.680000000004,19779.332117244034,0.9950734715651284,0.09608740626493728,0.40215806241809526,77,44,,,11.072867486008088,0.003940554840976329,10
0.5,1,1.074569931823542,1000,5,200.0,0.8660254037844385,0.2,[1.51967137 1.31607401],0,10000000,0.4960190806729137,-0.06516965075872731,0.503979886679227,0.8157470276896485,0.5435853344410222,-155.106609656954,-2552.2549932966904,20.902045792986467,19574.815462324557,19894.400000000005,19573.610634303757,,0.5261589354898067,0.40215806241809526,103,69,,,16.60188637811012,0.00024828253926290067,10
0.5,1,1.074569931823542,1000,5,200.0,0.8660254037844385,0.2,[1.51967137 1.31607401],0,10000000,0.46231147052581606,-0.033302607629146865,0.5376877590102137,1.2086987325175282,0.4857325499301989,-1490.0637449960532,-1317.987733012398,-37.3550058070886,19777.22845673297,20197.720000000005,19776.172803025074,,0.491952306514718,0.40215806241809526,32,9,,0.9922775795403559,6.6467815621403075,0.03603045301351382,10
0.5,1,1.074569931823542,1000,5,200.0,0.8660254037844385,0.2,[1.51967137 1.31607401],0,10000000,0.48497213484027735,-0.033818615708181794,0.515027325911886,0.9941409917978679,0.4236098832352286,-596.891229899064,-1345.6827182457678,14.46836966051135,19884.50685197404,19907.720000000005,19883.49442017843,0.41718645823362377,0.4038990061252894,0.40215806241809526,87,68,,,4.922899816455192,0.0853111678877273,10
0.5,1,1.074569931823542,1000,5,200.0,0.8660254037844385,0.2,[1.51967137 1.31607401],0,10000000,0.46526846033724,-0.028457754482803747,0.5347314709483723,1.2272891245600392,0.4619960326020911,-1410.2699990961348,-1156.8855271266787,13.77048768515291,20313.090228551417,19966.760000000006,20311.851651402758,,1.02266916193356,0.40215806241809526,93,64,,,10.693311463717384,0.0047640566711202315,10
0.5,1,1.074569931823542,1000,5,200.0,0.8660254037844385,0.2,[1.51967137 1.31607401],0,10000000,0.46569399884931667,-0.029892867657837024,0.5343053168370818,1.2120986150051511,0.46473419133055816,-1381.5128247924636,-1205.328840203142,-16.842792924423446,20147.26945545178,20107.640000000003,20146.083025397482,0.6649299946521565,0.3926403809041161,0.40215806241809526,58,34,,,7.510847840307909,0.023390532788916674,10
0.5,1,1.074569931823542,1000,5,200.0,0.8660254037844385,0.2,[1.51967137 1.31607401],0,10000000,0.47273918531059556,-0.04697388440764636,0.5272596022574323,1.0480797055208995,0.5023345787523573,-1105.6891148907932,-1907.3303815003842,57.191050653413605,20293.310936565795,19857.160000000003,20291.98665608778,,0.9902601919856898,0.40215806241809526,142,114,,,8.20938977949296,0.016495050879815065,10
0.5,1,1.074569931823542,1000,5,200.0,0.8660254037844385,0.2,[1.51967137 1.31607401],0,10000000,0.5028609081461766,-0.05015266647338184,0.4971388195868661,2.3275108184097606,0.4855773425110081,116.9716859814889,-2036.7570144703864,-28.651734929084764,20297.067415857622,20123.320000000003,20295.932279587036,,0.5744253988453245,0.40215806241809526,64,26,,,15.514380244871486,0.00042765655656695767,10
0.5,1,1.074569931823542,1000,5,200.0,0.8660254037844385,0.2,[1.51967137 1.31607401],0,10000000,0.49538393991189916,-0.06354503672904281,0.5046156963491248,0.8214787487195642,0.5379843450584658,-180.56226008933027,-2497.8633191950776,-35.68557509471519,19647.596630436972,20109.600000000002,19646.35603891667,,0.8591118846903977,0.40215806241809526,31,-1,,0.9997086066905809,19.11470367007307,7.067972261520783e-05,10
0.5,1,1.074569931823542,1000,5,200.0,0.8660254037844385,0.2,[1.51967137 1.31607401],0,10000000,0.48896297039553205,-0.04885666970795739,0.5110356947784577,0.8962157773493373,0.4849244628481442,-450.9334877450166,-2001.1511130480567,-36.00964750474615,20471.392389468005,20075.520000000004,20470.192109392017,,1.158926101766022,0.40215806241809526,42,1,,0.9994772737957663,11.437318266303793,0.0032841115076174265,10
0.5,1,1.074569931823542,1000,5,200.0,0.8660254037844385,0.2,[1.51967137 1.31607401],0,10000000,0.4881684022869065,-0.07648724636667235,0.5118311090340939,0.8619825984635151,0.583405697621005,-471.6368859984583,-3055.0776606910604,-15.430209673868736,19965.547142652824,19992.360000000004,19964.435568174147,,5.1607886733387955,0.40215806241809526,71,38,,,23.651389152204057,7.314187695284247e-06,10
0.5,1,1.074569931823542,1000,5,200.0,0.8660254037844385,0.2,[1.51967137 1.31607401],0,10000000,0.4735438917916118,-0.08216774332588667,0.5264559181511974,0.9410132019632205,0.6097509352425218,-1079.6967189487507,-3356.3857490015494,10.443751498845966,20418.68891274628,20051.680000000004,20417.4884165154,,0.4937139386118615,0.40215806241809526,86,65,,,24.334055068340685,5.199086950846699e-06,10
0.5,1,1.074569931823542,1000,5,200.0,0.8660254037844385,0.2,[1.51967137 1.31607401],0,10000000,0.49406969447183263,-0.04864375855561866,0.5059300760895622,0.8458340420693686,0.48031119165396474,-246.04051036455263,-2025.6272538053818,-7.913370664358999,20811.54784383153,20021.440000000002,20810.15538525426,,0.8680156334483855,0.40215806241809526,73,42,,,6.88380492366077,0.0320037414779768,10
0.5,1,1.074569931823542,1000,5,200.0,0.8660254037844385,0.2,[1.51967137 1.31607401],0,10000000,0.46690297398208724,-0.028067359491369282,0.5330967247784169,1.2188115655456522,0.4550345352083648,-1343.0787043147673,-1140.4039366617114,4.087879033037349,20301.255993374856,20062.840000000004,20299.97861890651,0.9847508517428406,0.16077246116052832,0.40215806241809526,90,34,,,6.481988453559079,0.039124976655773636,10
0.5,1,1.074569931823542,1000,5,200.0,0.8660254037844385,0.2,[1.51967137 1.31607401],0,10000000,0.47046538863977916,-0.039105121760836734,0.5295337623909975,1.108551841849442,0.48025051528072016,-1177.766496540485,-1561.2086811556228,45.15012365840047,19951.457695330708,19944.040000000005,19950.230770103037,,2.0645648076370993,0.40215806241809526,119,81,,,9.515933461566464,0.008583043305316673,10
0.5,1,1.074569931823542,1000,5,200.0,0.8660254037844385,0.2,[1.51967137 1.31607401],0,10000000,0.4791848369346556,-0.023522873941973863,0.5208138475362408,1.1472565228138358,0.39297111413772057,-802.2046800825733,-907.815142144656,32.134042138691264,19284.573207824422,19976.960000000003,19283.488973976437,,3.8199908490198693,0.40215806241809526,106,74,,,2.756122349402549,0.2520667930761503,10
0.5,1,1.074569931823542,1000,5,200.0,0.8660254037844385,0.2,[1.51967137 1.31607401],0,10000000,0.4579335502957174,-0.04721667978511176,0.5420664701222343,1.1490650834122789,0.5362167067962533,-1752.8525159916867,-1969.2150588861311,-16.057389886154862,20844.010936079234,20078.080000000005,20842.6995670454,,0.48213175550432064,0.40215806241809526,70,32,,,14.478298903812568,0.0007179221277962,10
0.5,1,1.074569931823542,1000,5,200.0,0.8660254037844385,0.2,[1.51967137 1.31607401],0,10000000,0.4628016281471166,-0.062132088166891905,0.5371982338718126,1.0549630573541373,0.567609021905613,-1445.2625318907503,-2415.827734814844,23.169130739662997,19434.707906554297,19806.040000000005,19433.69335808137,0.894298327554757,0.32210603291609136,0.40215806241809526,99,66,,,13.81033827943092,0.0010025894862094598,10
0.5,1,1.074569931823542,1000,5,200.0,0.8660254037844385,0.2,[1.51967137 1.31607401],0,10000000,0.4751103592517902,-0.06533697675467183,0.524888871729031,0.9672247537372894,0.5593825368207349,-983.2950348795059,-2583.6792635774564,-32.54973677106012,19766.787964231524,19963.440000000002,19765.692446572313,,2.3209600881785124,0.40215806241809526,34,15,,,15.621135277576009,0.00040542784591945935,10
0.5,1,1.074569931823542,1000,5,200.0,0.8660254037844385,0.2,[1.51967137 1.31607401],0,10000000,0.4819635177435867,-0.07545698596068014,0.5180364531284245,0.9025774782508883,0.5839746401576684,-726.6810554682925,-3043.7454645469347,36.14337216066005,20163.079228842274,19818.720000000005,20161.914158129253,,0.4994911570889379,0.40215806241809526,120,92,,,19.436818497924133,6.016563300603739e-05,10
0.5,1,1.074569931823542,1000,5,200.0,0.8660254037844385,0.2,[1.51967137 1.31607401],0,10000000,0.46479803890526694,-0.054244887818797355,0.5352013703788431,1.0730016548263086,0.5413388827558708,-1433.3249669585523,-2210.7631806122163,37.917624892884426,20369.0085069637,19937.840000000004,20367.7410151596,,1.497566282675595,0.40215806241809526,137,78,,,18.0977915895377,0.00011752073230819615,10
0.5,1,1.074569931823542,1000,5,200.0,0.8660254037844385,0.2,[1.51967137 1.31607401],0,10000000,0.4962030360829601,-0.04346407805166747,0.5037966165767336,0.8287342587988258,0.4562058460389025,-150.56208068666422,-1732.792023091395,13.46913181008111,19925.489529079827,19913.440000000002,19924.417298922563,0.5754855598465652,0.39920497221170825,0.40215806241809526,86,57,,,7.25979477718805,0.02651890541145807,10
0.5,1,1.074569931823542,1000,5,200.0,0.8660254037844385,0.2,[1.51967137 1.31607401],0,10000000,0.46704279580530034,-0.033190631895229104,0.532957295192617,1.1760914089582488,0.47045583352787085,-1307.089688371303,-1317.6192168041312,22.780555758688237,19839.667031476896,19990.560000000005,19838.588649199966,,6.244872368190638,0.40215806241809526,98,74,,,6.50378713739366,0.03870085567611792,10
0.5,1,1.074569931823542,1000,5,200.0,0.8660254037844385,0.2,[1.51967137 1.31607401],0,10000000,0.48367087170386414,-0.05893871267565722,0.5163283597880843,0.9203420920655399,0.528685891521786,-640.5781637615703,-2315.5876489066445,20.162439685753093,19637.519345632416,19792.880000000005,19636.51925945073,0.9498233001699111,0.2570982497455554,0.40215806241809526,94,71,,,8.256893192968906,0.01610788143763886,10
0.5,1,1.074569931823542,1000,5,200.0,0.8660254037844385,0.2,[1.51967137 1.31607401],0,10000000,0.48491714153386234,-0.062206333968157515,0.5150820586735947,0.9041759708279312,0.5390131355989636,-580.2088842093237,-2396.2950980652695,14.225755477383503,19255.558752754234,20028.320000000003,19254.603154177912,,1.3799680563138108,0.40215806241809526,85,58,,,11.835181785253216,0.0026916769109405214,10
0.5,1,1.074569931823542,1000,5,200.0,0.8660254037844385,0.2,[1.51967137 1.31607401],0,10000000,0.4882420038030746,-0.05863938683963706,0.5117563952667296,0.8841252896513048,0.5236791251228302,-469.1826760948823,-2345.1976134899314,61.382702478632815,19988.814388279945,20054.080000000005,19987.721174664195,,2.893556933896644,0.40215806241809526,136,107,,,13.626349349693115,0.0010991977594475566,10
0.5,1,1.074569931823542,1000,5,200.0,0.8660254037844385,0.2,[1.51967137 1.31607401],0,10000000,0.4795310734986894,-0.0692775846678937,0.5204684833273172,0.9288688939413914,0.567047829307171,-827.3698454577,-2803.836503013749,-16.726834007383346,20230.160385147166,19914.760000000006,20228.980161729138,,0.4883863291393215,0.40215806241809526,69,31,,,14.005016079288877,0.0009095977950263068,10
0.5,1,1.074569931823542,1000,5,200.0,0.8660254037844385,0.2,[1.51967137 1.31607401],0,10000000,0.4963026192732396,-0.04791709675774729,0.5036969966017351,0.8237233979551392,0.4761883148645921,-142.9600591388918,-1861.4363823440954,74.22493991607769,19416.99626431026,19616.240000000005,19416.01597582753,,0.522346495165861,0.40215806241809526,150,128,,,15.909169565386083,0.00035104898610160973,10
0.5,1,1.074569931823542,1000,5,200.0,0.8660254037844385,0.2,[1.51967137 1.31607401],0,10000000,0.49132263445631597,-0.032528731740591385,0.508676046884981,0.9153576512279609,0.40575847514423513,-363.8113932531315,-1368.0474058573477,64.27283255703342,21015.753799977145,19809.840000000004,21014.391769056194,,0.779430357606314,0.40215806241809526,155,123,,,8.652247640556945,0.013218686318258399,10
0.5,1,1.074569931823542,1000,5,200.0,0.8660254037844385,0.2,[1.51967137 1.31607401],0,10000000,0.4684107349855203,-0.03807924071658023,0.531586978561243,1.1313843286280603,0.4822651074947883,-1237.0414911223115,-1492.82629216507,-2.073181110809649,19591.743196055566,19941.000000000004,19590.722833028514,0.9953761307772698,0.0932470755799339,0.40215806241809526,69,53,,,9.125205272254078,0.010434865413639027,10
0.5,1,1.074569931823542,1000,5,200.0,0.8660254037844385,0.2,[1.51967137 1.31607401],0,10000000,0.47255344948205713,-0.011322864065479736,0.5274455258909811,1.3747499646238155,0.3828203084099478,-1058.1667937573745,-437.5555128421835,8.609661472609634,19291.077290228037,19738.320000000003,19290.08341883282,0.9957049931184094,0.09003778966965048,0.40215806241809526,86,67,,,3.223462343198304,0.1995418736689688,10
0.5,1,1.074569931823542,1000,5,200.0,0.8660254037844385,0.2,[1.51967137 1.31607401],0,10000000,0.47112694253891924,-0.07704176450355742,0.5288720888234705,0.9645282689454003,0.5980774123214961,-1186.0044128272536,-3167.59565016353,24.590356857546784,20552.033303777233,20125.920000000006,20550.860340553598,,0.47091508625794615,0.40215806241809526,116,74,,,19.65237446428366,5.4018324188276345e-05,10
0.5,1,1.074569931823542,1000,5,200.0,0.8660254037844385,0.2,[1.51967137 1.31607401],0,10000000,0.4565834385311925,-0.0496823245856341,0.5434163437016984,1.1443027921563356,0.5459309795945352,-1725.3410285138552,-1975.8844404487024,-54.17559520308705,19877.428165417004,20104.840000000004,19876.301511574242,,1.332121697981436,0.40215806241809526,25,0,,,29.309815127528534,4.319709209221756e-07,10
0.5,1,1.074569931823542,1000,5,200.0,0.8660254037844385,0.2,[1.51967137 1.31607401],0,10000000,0.47543072114478274,-0.024947296732047545,0.5245685634304444,1.1739124890953578,0.4130208198310146,-1007.3022012015713,-1024.3061688748435,-34.54261815043347,20515.42615367814,20091.280000000002,20514.241055318344,,0.9158179829585638,0.40215806241809526,40,22,,,4.772971258249085,0.09195227108337434,10
0.5,1,1.074569931823542,1000,5,200.0,0.8660254037844385,0.2,[1.51967137 1.31607401],0,10000000,0.4829350152707328,-0.08737179881001958,0.5170635319680248,0.8817169382936005,0.6173065769170528,-672.827162801991,-3449.3991551996437,-5.585633529617185,19734.21772207687,20092.640000000003,19733.060482807567,0.9854139326135922,0.15769735501601043,0.40215806241809526,85,38,,,44.569768301886924,2.097962914504592e-10,10
0.5,1,1.074569931823542,1000,5,200.0,0.8660254037844385,0.2,[1.51967137 1.31607401],0,10000000,0.4932779170165562,-0.03617025038015377,0.5067217613618895,0.8769786619023737,0.42251570833635993,-267.82621031761136,-1445.8563116591713,47.40439360213028,19975.74508689953,19850.800000000003,19974.454693440057,,0.8109957769561161,0.40215806241809526,141,101,,,3.6358065319506947,0.16236583224416956,10
0.5,1,1.074569931823542,1000,5,200.0,0.8660254037844385,0.2,[1.51967137 1.31607401],0,10000000,0.4867797733193148,-0.034795089506619206,0.5132192813426915,0.9665742728846205,0.4247387574942544,-525.7143607525131,-1386.7771988582779,10.657340805424298,19915.497549217464,20043.720000000005,19914.334135833495,,0.6260143829269917,0.40215806241809526,99,63,,,4.079108511401729,0.13008668335451445,10
0.5,1,1.074569931823542,1000,5,200.0,0.8660254037844385,0.2,[1.51967137 1.31607401],0,10000000,0.48109061185474705,-0.03802876545157274,0.5189086455075972,1.015806378788563,0.4507072179986131,-758.5821936054981,-1527.9639740939454,-16.776031575989858,20080.35451659902,20099.520000000004,20079.34825712554,,0.4258189259500788,0.40215806241809526,51,28,,,4.792856195553059,0.09104256834997104,10
0.5,1,1.074569931823542,1000,5,200.0,0.8660254037844385,0.2,[1.51967137 1.31607401],0,10000000,0.45461422125057893,-0.038636341860270776,0.5453848636449405,1.2179087032542513,0.5228458110408684,-1958.9092405843676,-1669.4005640179626,15.237214090912254,21591.163775016805,20056.120000000003,21589.621251300192,,0.5932425987752916,0.40215806241809526,106,85,,,21.444844676016373,2.2045052933350462e-05,10
0.5,1,1.074569931823542,1000,5,200.0,0.8660254037844385,0.2,[1.51967137 1.31607401],0,10000000,0.4781659182420861,-0.05206990516817861,0.5218335942683596,0.9836896873634625,0.510863126569357,-878.4866555904557,-2097.772040370464,4.319183886898896,20135.648394101943,19968.880000000005,20134.495181496466,0.8512123900035339,0.34868227624190906,0.40215806241809526,84,49,,,9.721342484394576,0.007745283184961593,10
0.5,1,1.074569931823542,1000,5,200.0,0.8660254037844385,0.2,[1.51967137 1.31607401],0,10000000,0.4590870478926884,-0.029563310596507214,0.5409126511539315,1.2576957506592819,0.48649400573023577,-1620.272231022381,-1171.9630379702633,7.928844012719408,19809.57657447613,20002.360000000004,19808.4454036961,,8.72062446317885,0.40215806241809526,86,58,,,14.172688366664357,0.0008364496895556517,10
0.5,1,1.074569931823542,1000,5,200.0,0.8660254037844385,0.2,[1.51967137 1.31607401],0,10000000,0.48692014831296987,-0.06000107129356762,0.5130793413570207,0.892558586079602,0.529607075850537,-510.9771253472986,-2347.552419866528,-38.61112991188373,19557.288334824956,20041.440000000002,19556.197988677337,,2.4812678022704326,0.40215806241809526,29,6,,0.7209454504918186,24.28208232678725,5.335963106811725e-06,10
0.5,1,1.074569931823542,1000,5,200.0,0.8660254037844385,0.2,[1.51967137 1.31607401],0,10000000,0.4586575488134018,-0.04933014745427415,0.5413407858646971,1.1339482405128987,0.5402485285897446,-1697.8803065337936,-2027.699149798161,-41.038997933878214,20543.49479063472,20141.000000000004,20542.260964670633,,0.7024355508325641,0.40215806241809526,47,-2,,0.9994079615001876,14.420187176578747,0.0007390879822459784,10
0.5,1,1.074569931823542,1000,5,200.0,0.8660254037844385,0.2,[1.51967137 1.31607401],0,10000000,0.49173245438835866,-0.022291176736605574,0.5082673107654089,0.9625084746995962,0.3452722510635582,-319.2160707083268,-863.1686080206451,18.845185233209342,19347.89463961552,19941.600000000002,19346.982563920636,,0.8780441704443734,0.40215806241809526,92,73,,,1.819533851005816,0.40261805309887644,10
0.5,1,1.074569931823542,1000,5,200.0,0.8660254037844385,0.2,[1.51967137 1.31607401],0,10000000,0.45941342134715746,-0.009634664968257432,0.54058512193065,1.4540144811236562,0.44699732245698176,-1615.7199253544256,-384.3887884288668,14.592315270744836,19913.820428449428,19956.160000000003,19912.702853206883,,0.8549533254287004,0.40215806241809526,98,62,,,4.118321615065531,0.12756097319817905,10
0.5,1,1.074569931823542,1000,5,200.0,0.8660254037844385,0.2,[1.51967137 1.31607401],0,10000000,0.5019275144250339,-0.050716830000775454,0.4980716510617372,2.3370077529081503,0.48776342465563505,77.5759391866652,-2020.6108217840826,43.86805320342212,19912.713806630156,20001.320000000003,19911.60589402293,,85.37164112488684,0.40215806241809526,132,88,,,7.0076175394353415,0.030082587297564856,10
0.5,1,1.074569931823542,1000,5,200.0,0.8660254037844385,0.2,[1.51967137 1.31607401],0,10000000,0.4899057166407144,-0.04500375536311577,0.5100943812425323,0.895424255925316,0.4676096839852084,-407.91121920789556,-1823.6845762298244,-7.505360173739659,20251.94790210698,19808.800000000003,20250.810109646292,0.9949212158033027,0.0974784435395249,0.40215806241809526,67,36,,,7.295930526271821,0.026044067726770703,10
0.5,1,1.074569931823542,1000,5,200.0,0.8660254037844385,0.2,[1.51967137 1.31607401],0,10000000,0.47961912843051296,-0.06502134758396853,0.5203808330237029,0.9370967012256579,0.5534044802426141,-817.6149611443777,-2611.668397091415,-22.633459670100102,20077.33800222519,20053.400000000005,20076.192015365315,,1.0710118828471238,0.40215806241809526,43,26,,,23.305011370378583,8.697232510179731e-06,10
0.5,1,1.074569931823542,1000,5,200.0,0.8660254037844385,0.2,[1.51967137 1.31607401],0,10000000,0.507294677965518,-0.037879114247363226,0.49270493889248396,2.260865246285446,0.4317012069072057,291.6551168173211,-1511.1447403621014,-1.5853690053812102,19937.730055251028,19933.200000000004,19936.590220972994,0.9980968170335739,0.06081315141782377,0.40215806241809526,74,49,,,4.469057902904546,0.10704254021243109,10
0.5,1,1.074569931823542,1000,5,200.0,0.8660254037844385,0.2,[1.51967137 1.31607401],0,10000000,0.4524070856526702,-0.061574111568359374,0.5475929514057601,1.1142460221136234,0.5846862917554311,-1951.3027280505912,-2526.2222717205877,-1.0749558981859348,20506.595335551527,20032.080000000005,20505.340737155322,0.9965437211200834,0.08116487050364786,0.40215806241809526,87,50,,,19.687538126294836,5.3076883517966245e-05,10
0.5,1,1.074569931823542,1000,5,200.0,0.8660254037844385,0.2,[1.51967137 1.31607401],0,10000000,0.46394941455762184,0.01343762922820527,0.5360504708530258,1.7490944147138254,0.43098098555414954,-1404.5670220023756,523.2317429028072,22.483895099812067,19489.019979101406,20144.120000000003,19488.04964020377,,0.41835386400913976,0.40215806241809526,91,71,,,4.14675985874176,0.12576000263220222,10
0.5,1,1.074569931823542,1000,5,200.0,0.8660254037844385,0.2,[1.51967137 1.31607401],0,10000000,0.5231338433770437,-0.05468517977772092,0.47686560265425976,2.1559967914127256,0.5220870537174991,912.2225105676375,-2155.232862771413,13.236263791528037,19699.3604063489,19807.680000000004,19698.28211487581,0.9799556818632488,0.18063202973749776,0.40215806241809526,82,58,,,11.757982611018535,0.002797605781822199,10
0.5,1,1.074569931823542,1000,5,200.0,0.8660254037844385,0.2,[1.51967137 1.31607401],0,10000000,0.49079570104910314,-0.042424082634324525,0.5092040212656196,0.891905357673799,0.4551883472522497,-373.6825313202795,-1727.645714039771,-51.242707757930546,20351.069767977202,20379.440000000002,20349.90519221287,0.8805376384421373,0.3320097613897569,0.40215806241809526,28,2,0.9797467409025709,0.9999158895308384,8.894585239731992,0.01171022813066347,10
0.5,1,1.074569931823542,1000,5,200.0,0.8660254037844385,0.2,[1.51967137 1.31607401],0,10000000,0.4660432485177443,-0.05832563342573716,0.5339554510915736,1.04881052406461,0.5511679619663441,-1381.5195356444622,-2375.1341919822007,-25.54881284016539,20353.92707302953,20048.320000000003,20352.75373997465,,1.3000043992065013,0.40215806241809526,53,33,,,12.247209911087108,0.0021905448951228257,10
0.5,1,1.074569931823542,1000,5,200.0,0.8660254037844385,0.2,[1.51967137 1.31607401],0,10000000,0.44626498174093976,-0.06419014662042687,0.5537348888826342,1.133706365293013,0.6022569059625823,-2254.289578621221,-2694.8401344199324,-17.65452951384207,20983.40545265992,20085.200000000004,20982.033796458953,,0.47935411610403467,0.40215806241809526,68,37,,,22.7745881275056,1.1338641503044755e-05,10
0.5,1,1.074569931823542,1000,5,200.0,0.8660254037844385,0.2,[1.51967137 1.31607401],0,10000000,0.47562548335496996,-0.05031093823104495,0.5243740603547218,1.0107247996521933,0.5086684156761442,-1022.5836146313737,-2113.3828809321258,28.359326008840135,20994.662959635647,19698.800000000003,20993.303245957868,0.9682051216351458,0.21753045540123622,0.40215806241809526,112,69,,,12.00776700013049,0.002469144609994256,10
0.5,1,1.074569931823542,1000,5,200.0,0.8660254037844385,0.2,[1.51967137 1.31607401],0,10000000,0.5067576987064532,-0.028711129291093648,0.49324194764733376,2.240325800843621,0.3818619455679751,269.357769474662,-1141.458995728484,-19.39267568669988,19865.883421865343,20112.720000000005,19864.847832739433,,0.4440242081727735,0.40215806241809526,54,31,,,3.645678309590422,0.16156638715717386,10
0.5,1,1.074569931823542,1000,5,200.0,0.8660254037844385,0.2,[1.51967137 1.31607401],0,10000000,0.4979291788055157,-0.0578599022440312,0.5020702043558872,0.8030797158839813,0.5164567033980525,-87.49160437973104,-2473.061416797099,-10.983194230704349,21362.705234879017,19896.360000000004,21361.21048590954,0.9602963013907598,0.23652478494236823,0.40215806241809526,77,35,,,10.626442986827671,0.004926031949499032,10
0.5,1,1.074569931823542,1000,5,200.0,0.8660254037844385,0.2,[1.51967137 1.31607401],0,10000000,0.48613042205626694,-0.05653059233967805,0.5138693420058364,0.9054977791475909,0.5176228275430189,-542.0364991549535,-2213.0453608399916,25.365969945765162,19566.215948083565,19827.480000000003,19565.10398909055,0.6787562898143801,0.391169156431098,0.40215806241809526,99,66,,,11.92673205446863,0.0025712425170634212,10
0.5,1,1.074569931823542,1000,5,200.0,0.8660254037844385,0.2,[1.51967137 1.31607401],0,10000000,0.5077131585638095,-0.05602291049203584,0.49228662863206213,2.28765211827834,0.5112384220859806,290.53073016951095,-2106.058862105936,-43.2362515160187,18790.707662661058,20080.640000000003,18789.723578199384,,1.5466924137018234,0.40215806241809526,15,2,,0.9973402203449694,12.795564589443508,0.001665246206480231,10
0.5,1,1.074569931823542,1000,5,200.0,0.8660254037844385,0.2,[1.51967137 1.31607401],0,10000000,0.48690206131350655,-0.05717452184100096,0.5130969098401339,0.8977839000602641,0.5193329738716251,-539.4164142523559,-2359.291821530003,49.84392666245909,20624.154681742195,19901.760000000006,20623.005752459914,,1.214956454161265,0.40215806241809526,137,100,,,9.917190502462077,0.00702278615693841,10
0.5,1,1.074569931823542,1000,5,200.0,0.8660254037844385,0.2,[1.51967137 1.31607401],0,10000000,0.49792665349907994,-0.05816369980620956,0.5020731604554649,0.8030426074643934,0.5176135980512921,-86.14421144762034,-2440.100961190807,-17.74573899471345,20968.459327665638,19833.080000000005,20967.049245052192,0.9556106085400431,0.246275435730884,0.40215806241809526,63,21,,0.9261160712585356,9.23863526142538,0.009859521601003451,10
0.5,1,1.074569931823542,1000,5,200.0,0.8660254037844385,0.2,[1.51967137 1.31607401],0,10000000,0.4557676454118504,-0.06318562999042127,0.5442321916590627,1.0906045358011835,0.5825541326916903,-1766.4797173496456,-2525.225678208073,-21.71820499658847,19975.34451085523,20131.960000000003,19974.112145475163,,0.420120013902748,0.40215806241809526,61,29,,,15.20832625569955,0.0004983723209490698,10
0.5,1,1.074569931823542,1000,5,200.0,0.8660254037844385,0.2,[1.51967137 1.31607401],0,10000000,0.48413869780550955,-0.05194974648041106,0.5158599501459066,0.9333689679259327,0.5023793467531337,-648.2857880355238,-2126.258699247255,46.91300406894185,20457.027061604367,19664.400000000005,20455.7429623326,0.8673769667447568,0.34014045234577056,0.40215806241809526,134,108,,,10.672258031268772,0.004814471429154477,10
0.5,1,1.074569931823542,1000,5,200.0,0.8660254037844385,0.2,[1.51967137 1.31607401],0,10000000,0.4898400542553057,-0.060939896065963596,0.5101596246793614,0.8678010537857349,0.5309782020511407,-409.1030278409694,-2459.819229767164,-62.57311071327507,20176.00777567438,20105.360000000004,20174.83692187283,,1.4860348507348211,0.40215806241809526,14,-15,0.8798222566098802,0.8343266459376236,13.48364201590194,0.0011804955064208533,10
0.5,1,1.074569931823542,1000,5,200.0,0.8660254037844385,0.2,[1.51967137 1.31607401],0,10000000,0.4645274811228955,-0.062355867215585295,0.5354724679506969,1.0438241331082487,0.5654017191816618,-1441.4669647414673,-2536.0559617324175,12.772937811649495,20328.681881728888,19947.360000000004,20327.47286140755,,0.5980719479252263,0.40215806241809526,94,52,,,31.997795799568884,1.1265926813663896e-07,10
0.5,1,1.074569931823542,1000,5,200.0,0.8660254037844385,0.2,[1.51967137 1.31607401],0,10000000,0.4661909902891488,-0.028267393703328612,0.5338065800286437,1.2223201666418884,0.45817057283262663,-1339.9669656033884,-1121.6754245876134,-0.5073068716810073,19826.818789886547,20044.480000000003,19825.792621007888,0.9995598247381319,0.02955273966261899,0.40215806241809526,74,49,,,6.5469248274067535,0.037875060654938064,10
0.5,1,1.074569931823542,1000,5,200.0,0.8660254037844385,0.2,[1.51967137 1.31607401],0,10000000,0.47414921417875644,-0.02603555585777789,0.5258504132371205,1.175929693263902,0.4219082301240348,-1061.588335642516,-1070.8326596234176,-18.11874739852692,20548.87205457571,20259.600000000002,20547.64379555354,0.9830330485962145,0.1683336660244441,0.40215806241809526,53,25,,0.9622024140464206,4.301278277660875,0.11640973201186378,10
0.5,1,1.074569931823542,1000,5,200.0,0.8660254037844385,0.2,[1.51967137 1.31607401],0,10000000,0.49556694944138135,-0.046080582846960365,0.5044328977848214,0.8331328106308877,0.46838290653635795,-174.21485171915836,-1819.2785822411915,2.5842771162877796,19732.22696138854,19840.440000000002,19731.219377816637,0.9990887855568517,0.042367614123719935,0.40215806241809526,88,53,,,4.737690067824148,0.09358875571994651,10
0.5,1,1.074569931823542,1000,5,200.0,0.8660254037844385,0.2,[1.51967137 1.31607401],0,10000000,0.48008664438929355,-0.06908246728428624,0.5199116827263568,0.9255644368658682,0.5659277757670291,-784.3883934912207,-2724.3805136840633,-0.08760620898009698,19712.752026830643,20070.640000000003,19711.599497627627,0.9999947155462644,0.003250754041745152,0.40215806241809526,81,51,,,16.27641470096897,0.0002921604703993719,10
0.5,1,1.074569931823542,1000,5,200.0,0.8660254037844385,0.2,[1.51967137 1.31607401],0,10000000,0.4792864405354866,-0.041269823821203346,0.5207129986602372,1.0176628552788447,0.4678189250538255,-843.2852576478074,-1682.8591212741248,-30.136219318619823,20378.543757068914,20127.240000000005,20377.357599317795,,0.5808988442142163,0.40215806241809526,42,14,,0.9420753331825718,7.696222943001985,0.02131996179850648,10
0.5,1,1.074569931823542,1000,5,200.0,0.8660254037844385,0.2,[1.51967137 1.31607401],0,10000000,0.4857873855204922,-0.05009861753180891,0.5142118607148306,0.9233826001152556,0.49324584581462216,-572.434306205719,-2021.3439431446905,-23.699625300132492,20165.986120569887,19945.520000000004,20164.83750410191,,1.0895876796756114,0.40215806241809526,58,35,,,10.645903637600396,0.004878332497705196,10
0.5,1,1.074569931823542,1000,5,200.0,0.8660254037844385,0.2,[1.51967137 1.31607401],0,10000000,0.5134134382254292,-0.06522503848849426,0.4865865370859121,2.2546652344572817,0.5481213697828079,520.5020029291157,-2527.982429336662,-25.258106491170714,19372.93233153318,20182.600000000002,19371.88623882536,0.7735972152479756,0.37538030922976096,0.40215806241809526,47,20,,0.9210658689367232,22.34976804980582,1.4021986094014949e-05,10
0.5,1,1.074569931823542,1000,5,200.0,0.8660254037844385,0.2,[1.51967137 1.31607401],0,10000000,0.4715120995062635,-0.04364378455038477,0.5284876215831844,1.0742905742281788,0.49339610997125716,-1153.6554240093817,-1769.3911691128703,11.691909420118797,20261.567671938945,20045.640000000003,20260.40053527201,,0.6356110734987149,0.40215806241809526,95,67,,,6.606113046592475,0.036770605252886224,10
0.5,1,1.074569931823542,1000,5,200.0,0.8660254037844385,0.2,[1.51967137 1.31607401],0,10000000,0.4908236189986851,-0.07113441015298713,0.509176278102469,0.8494155258548879,0.5653781889989241,-375.0324295384496,-2913.1229683768584,-50.107177043260506,20470.59459915954,20136.640000000003,20469.41943433516,,0.8913331207665173,0.40215806241809526,34,-3,,0.9985431450294906,10.952576011135035,0.004184834986498576,10
0.5,1,1.074569931823542,1000,5,200.0,0.8660254037844385,0.2,[1.51967137 1.31607401],0,10000000,0.4936656741269505,-0.05454022311819966,0.506334241439779,0.8430205773233093,0.5047545482422939,-248.37964471835446,-2145.6846882057303,12.982022008437589,19663.140425303067,20053.960000000003,19662.106219321064,,0.6338134246217934,0.40215806241809526,90,55,,,8.601969700054928,0.013555202594598859,10
0.5,1,1.074569931823542,1000,5,200.0,0.8660254037844385,0.2,[1.51967137 1.31607401],0,10000000,0.49422701470757036,-0.05053451120571375,0.5057721576701023,0.8420646696034865,0.4882087203449749,-232.26877700617666,-2040.6540924603637,-23.546227569975642,20183.16221128931,19918.720000000005,20181.961083745,,0.7243555884123609,0.40215806241809526,54,27,,,10.698763269927825,0.004751087997950543,10
0.5,1,1.074569931823542,1000,5,200.0,0.8660254037844385,0.2,[1.51967137 1.31607401],0,10000000,0.47773326400901955,-0.034278367578273385,0.5222664798261335,1.0731094187393495,0.44303205443487476,-906.8365773658725,-1398.0462760022176,-42.68319951101665,20381.521830001246,20153.440000000002,20380.3120768227,,0.6820535846703695,0.40215806241809526,44,5,,0.9966552902159986,5.792777314092553,0.05522228700761567,10
0.5,1,1.074569931823542,1000,5,200.0,0.8660254037844385,0.2,[1.51967137 1.31607401],0,10000000,0.4395592908524238,-0.07037704128151899,0.5604397188079728,1.1400553398595434,0.627418177912642,-2421.7227740300295,-2821.4119755133097,27.227186104329487,20038.837851342727,20039.240000000005,20037.70316101353,,1.7600583012468372,0.40215806241809526,106,84,,,29.122880432824154,4.742931642987003e-07,10
0.5,1,1.074569931823542,1000,5,200.0,0.8660254037844385,0.2,[1.51967137 1.31607401],0,10000000,0.4708879829783673,-0.06085627922450486,0.5291120644560929,1.0082879898450354,0.5510669541089824,-1211.2324811824226,-2534.698934101083,-114.42665466447255,20818.855076596108,20570.760000000006,20817.6136887957,,0.47074915900359915,0.40215806241809526,-47,-70,0.9763644246118539,0.9289594530823273,19.02232753390813,7.402084857399682e-05,10
0.5,1,1.074569931823542,1000,5,200.0,0.8660254037844385,0.2,[1.51967137 1.31607401],0,10000000,0.49220840263414734,-0.03913175484740033,0.5077895425590813,0.8833333212047085,0.43831159543952153,-312.7536162780707,-1576.2660704188202,8.596070792111403,20128.592125866093,20097.320000000003,20127.43758677675,0.9664537367621354,0.22205493056141482,0.40215806241809526,87,53,,,4.244798150233977,0.11974400876688052,10
0.5,1,1.074569931823542,1000,5,200.0,0.8660254037844385,0.2,[1.51967137 1.31607401],0,10000000,0.4811935109027209,-0.029387659420782482,0.5188062158776995,1.0696332876771417,0.4123994263905194,-752.4522522772512,-1177.892318001925,-24.727273291339163,20025.984813408137,19983.760000000006,20024.797197110965,,3.8672499691894253,0.40215806241809526,64,21,,,5.325624425515775,0.0697517887981508,10
0.5,1,1.074569931823542,1000,5,200.0,0.8660254037844385,0.2,[1.51967137 1.31607401],0,10000000,0.4724127001037564,-0.03622036289039523,0.5275852701185361,1.1105770134281803,0.4648845384227198,-1086.1703336311052,-1427.726911061919,-26.82663918030978,19698.83632294878,20151.280000000002,19697.852891647897,,0.4654549927865312,0.40215806241809526,56,27,,,8.800847095432976,0.012272140964864842,10
0.5,1,1.074569931823542,1000,5,200.0,0.8660254037844385,0.2,[1.51967137 1.31607401],0,10000000,0.5030081868166048,-0.056775954421813775,0.4969904902784041,2.3295787003504365,0.5124245820478615,121.44601567781763,-2279.3102303112473,-17.14494819504773,20066.347208088013,20058.080000000005,20065.148603361187,,0.7467396202811535,0.40215806241809526,57,35,,,18.187753869409644,0.00011235164308898149,10
0.5,1,1.074569931823542,1000,5,200.0,0.8660254037844385,0.2,[1.51967137 1.31607401],0,10000000,0.48611780418798517,-0.07683052686595719,0.5138817076933825,0.8746443460569042,0.5854898390600353,-557.2519514048194,-3088.767495873559,38.420129018250364,20095.529085246642,19959.280000000002,20094.38080820965,,2.37985435795182,0.40215806241809526,115,83,,,23.914790823852716,6.411640369297089e-06,10
0.5,1,1.074569931823542,1000,5,200.0,0.8660254037844385,0.2,[1.51967137 1.31607401],0,10000000,0.509855716762795,-0.04299070589196102,0.4901442778669064,2.24334935951801,0.45843909115126824,384.3777874406313,-1674.1053927366725,-9.859290993642908,19462.91160627184,19946.000000000004,19461.989765700233,,0.4909452864568011,0.40215806241809526,63,47,,,9.371706533088611,0.009224859988728684,10
0.5,1,1.074569931823542,1000,5,200.0,0.8660254037844385,0.2,[1.51967137 1.31607401],0,10000000,0.4559011007829045,-0.03422140746436702,0.5440989396025392,1.240602168184647,0.5082837121115853,-1783.7388724139964,-1385.4787071979506,-19.902011159928005,20232.357233456816,19923.720000000005,20231.264232969337,,0.6492123934012415,0.40215806241809526,58,38,,,11.41476336901725,0.003321357531798186,10
0.5,1,1.074569931823542,1000,5,200.0,0.8660254037844385,0.2,[1.51967137 1.31607401],0,10000000,0.49900457426601746,-0.0405893471932548,0.500994739755631,0.7974091180882996,0.4417640163697864,-39.05625946960717,-1625.5471645015907,-0.24639532368893877,20014.779437487658,19865.280000000002,20013.66372733052,0.9999891845053382,0.004650270751562079,0.40215806241809526,77,57,,,6.3864973561226615,0.04103833381221611,10
0.5,1,1.074569931823542,1000,5,200.0,0.8660254037844385,0.2,[1.51967137 1.31607401],0,10000000,0.4846031988978663,-0.04892518672357183,0.5153944466042628,0.9375922224223492,0.4899800945172274,-595.2341713014034,-1894.7400992486664,-11.823631596561528,19356.044893352802,20097.320000000003,19354.957122119835,0.8830796925838659,0.3302971943516904,0.40215806241809526,65,45,,,7.784346580936869,0.020400960610952312,10
0.5,1,1.074569931823542,1000,5,200.0,0.8660254037844385,0.2,[1.51967137 1.31607401],0,10000000,0.47795206422031095,-0.05934943942653276,0.5220467275768793,0.9630547203418075,0.5365178661770759,-848.2866591810085,-2286.109122278643,-75.41521880358343,19253.448037427905,20374.640000000003,19252.43698395516,,0.5529276562979016,0.40215806241809526,-8,-35,0.9982327176298973,0.9500976427867875,18.221229833408277,0.00011048675408742437,10
0.5,1,1.074569931823542,1000,5,200.0,0.8660254037844385,0.2,[1.51967137 1.31607401],0,10000000,0.4644276644329444,-0.019060582375300075,0.5355722286387441,1.3245529679256436,0.4404306631626283,-1381.2943996844358,-741.1840541797062,-10.958119250189043,19425.587006082405,19966.600000000002,19424.615681025385,,0.8856050618772672,0.40215806241809526,68,32,,,4.303683029713396,0.11626984785440064,10
0.5,1,1.074569931823542,1000,5,200.0,0.8660254037844385,0.2,[1.51967137 1.31607401],0,10000000,0.4785286971468846,-0.04221331267285888,0.521471017267792,1.020408571036819,0.4730920689528599,-861.8658895218995,-1696.6128356242848,53.52275630231845,20086.700917619175,19895.440000000002,20085.629814418797,,1.2922404899551452,0.40215806241809526,135,101,,,8.86340233896866,0.011894238336898177,10
0.5,1,1.074569931823542,1000,5,200.0,0.8660254037844385,0.2,[1.51967137 1.31607401],0,10000000,0.4467328487563865,-0.04992410982647346,0.5532620779018318,1.1940785011295676,0.569492816243161,-2063.4815424279855,-1935.6167691129738,43.081037819938324,19376.46770818819,19640.280000000002,19375.412428097334,0.8907605240241726,0.3248069495155873,0.40215806241809526,111,96,,,15.950133176938406,0.00034393200209126285,10
0.5,1,1.074569931823542,1000,5,200.0,0.8660254037844385,0.2,[1.51967137 1.31607401],0,10000000,0.4668976209229119,-0.034314194180098276,0.5331018556045689,1.168832915052675,0.47445399278332845,-1297.6380460630544,-1346.6385560024153,-12.217109715861314,19611.673107880164,20125.520000000004,19610.671063440674,0.9494498499640152,0.25775579845793084,0.40215806241809526,46,35,,,6.069885221799286,0.048077421916416285,10
0.5,1,1.074569931823542,1000,5,200.0,0.8660254037844385,0.2,[1.51967137 1.31607401],0,10000000,0.4992719372780908,-0.025058337296006445,0.500728027521661,0.7994689270329113,0.3540177014479809,-28.603924447881827,-1016.1627994431374,-24.745757070105782,20261.550430407384,19915.200000000004,20260.28466121548,,0.7240215162570336,0.40215806241809526,57,23,,,1.9891327617115906,0.36988379847142816,10
0.5,1,1.074569931823542,1000,5,200.0,0.8660254037844385,0.2,[1.51967137 1.31607401],0,10000000,0.474213221867664,-0.0358058019262894,0.5257861147583816,1.0971588710970677,0.4584547138500252,-1022.9901758255369,-1422.3238189127126,75.42337947077017,19850.694758992,19826.960000000003,19849.52898941814,,1.1266113407289353,0.40215806241809526,156,126,,,6.423709127935652,0.040281838709729456,10
0.5,1,1.074569931823542,1000,5,200.0,0.8660254037844385,0.2,[1.51967137 1.31607401],0,10000000,0.4698431982709756,-0.05705312774661621,0.5301559411833557,1.0283117392517134,0.5408606592736774,-1228.2710179294425,-2326.0947208443154,58.65477466879562,20378.37692251723,20002.120000000003,20377.211549182528,,67.86227718905494,0.40215806241809526,142,116,,,26.59100694560342,1.6820395671857113e-06,10
0.5,1,1.074569931823542,1000,5,200.0,0.8660254037844385,0.2,[1.51967137 1.31607401],0,10000000,0.4743475302571882,-0.05593221519789194,0.5256521515477142,1.0002020081623324,0.5300649757703709,-1056.6625366340045,-2306.386796218653,21.679115733817834,20609.672601940925,19898.200000000004,20608.35874819261,,0.5106695032856803,0.40215806241809526,102,73,,,9.66050240111846,0.00798451529930766,10
0.5,1,1.074569931823542,1000,5,200.0,0.8660254037844385,0.2,[1.51967137 1.31607401],0,10000000,0.4321539338238066,-0.04120598675153357,0.5678461523747018,1.2977351071670689,0.5893929879215775,-2774.1732202426706,-1686.0945233362527,0.3586152608273385,20449.73416092103,19869.320000000003,20448.475140089748,0.9999776512278514,0.006683823861733859,0.40215806241809526,79,51,,,22.469307341734993,1.3208451463464499e-05,10
0.5,1,1.074569931823542,1000,5,200.0,0.8660254037844385,0.2,[1.51967137 1.31607401],0,10000000,0.5119704388032119,-0.04861714073168519,0.4880283744555314,2.2353612167617545,0.48487620266908404,456.5633504518278,-1852.3058979474656,16.993738056087945,19042.64916354106,20111.560000000005,19041.68657311746,,0.4278698025999425,0.40215806241809526,89,70,,,6.951251608795266,0.03094246383295629,10
0.5,1,1.074569931823542,1000,5,200.0,0.8660254037844385,0.2,[1.51967137 1.31607401],0,10000000,0.4679314511768541,-0.03287887759917231,0.532067046555136,1.1716000228715333,0.46666432975891825,-1245.3524640119635,-1278.1457673961188,0.9401086657573506,19427.725870846647,20129.280000000002,19426.691999586114,0.9998067159962242,0.019623834896654927,0.40215806241809526,81,58,,,11.177856866052633,0.003739032342343518,10
0.5,1,1.074569931823542,1000,5,200.0,0.8660254037844385,0.2,[1.51967137 1.31607401],0,10000000,0.46918295621624506,-0.041840559328614475,0.5308170515717114,1.1026029695708093,0.4927420673222957,-1214.6952949456727,-1650.6471166599583,28.590804027238665,19718.395219727798,19892.000000000004,19717.412141467794,,0.6934997724100261,0.40215806241809526,102,84,,,7.3254243850287475,0.025662815756491653,10
0.5,1,1.074569931823542,1000,5,200.0,0.8660254037844385,0.2,[1.51967137 1.31607401],0,10000000,0.4719889306974549,-0.052677584766255406,0.5280110244385042,1.029567289220758,0.5231002266188687,-1126.5712475244716,-2120.5826896995345,11.39652862023939,20121.016973536065,20015.360000000004,20119.757113643733,,1.8667293350757919,0.40215806241809526,92,65,,,9.187883244484144,0.010112918406825155,10
0.5,1,1.074569931823542,1000,5,200.0,0.8660254037844385,0.2,[1.51967137 1.31607401],0,10000000,0.4680841528342951,-0.05693396891818397,0.5319145920166507,1.040696236082888,0.5434593352704103,-1242.3252235329933,-2217.8769131715294,9.043783301086505,19471.635837835573,19926.720000000005,19470.635247352224,0.881221877435394,0.3315536471604149,0.40215806241809526,91,62,,,15.391560335223154,0.0004547420751200848,10
0.5,1,1.074569931823542,1000,5,200.0,0.8660254037844385,0.2,[1.51967137 1.31607401],0,10000000,0.4885607405101549,-0.007007923708000999,0.5114389552900627,1.2951265940814793,0.2627365394710532,-427.52104776106563,-262.9039387594758,8.441522362712377,18716.02828186089,19699.160000000003,18715.190854225704,0.9965072243749477,0.08157460916698132,0.40215806241809526,80,60,,,0.7307135152343233,0.6939490351070026,10
0.5,1,1.074569931823542,1000,5,200.0,0.8660254037844385,0.2,[1.51967137 1.31607401],0,10000000,0.47122931190226885,-0.04887054487446061,0.5287679716453927,1.051212727355525,0.5117992487569345,-1154.5445616146055,-1963.1522130949372,-41.985301673198,20078.45501293393,20260.880000000005,20077.444892861557,,0.40655436336799583,0.40215806241809526,41,17,0.6124342234938482,0.9838936311606473,6.662888326929791,0.03574145128025519,10
0.5,1,1.074569931823542,1000,5,200.0,0.8660254037844385,0.2,[1.51967137 1.31607401],0,10000000,0.46356731996922257,-0.03660154137449424,0.536432520640188,1.1766834144906748,0.4914079198723442,-1438.5634979937363,-1446.7221299912128,53.07426519049871,19752.196537810465,19698.880000000005,19751.042452466354,,0.460055886708728,0.40215806241809526,135,100,,,6.711776970131484,0.03487836747546702,10
0.5,1,1.074569931823542,1000,5,200.0,0.8660254037844385,0.2,[1.51967137 1.31607401],0,10000000,0.48414050392257485,-0.0741889512056326,0.5158588481915428,0.8905728143738888,0.5786408754660982,-635.2189375396357,-2975.1578488018276,71.1613772095893,20045.658049789985,19766.800000000003,20044.394396789947,,0.7734165000645948,0.40215806241809526,162,136,,,19.259314141041255,6.57495934286434e-05,10
0.5,1,1.074569931823542,1000,5,200.0,0.8660254037844385,0.2,[1.51967137 1.31607401],0,10000000,0.4891779280417333,-0.05583608667611073,0.5108220467050246,0.8809205589389845,0.5124881971195236,-439.5497138388818,-2272.7082793386176,85.69649138443962,20344.222278324814,19462.280000000002,20343.05456570268,0.671894937330189,0.39191862656307197,0.40215806241809526,179,134,,,16.988150613399952,0.00020467743482865952,10
0.5,1,1.074569931823542,1000,5,200.0,0.8660254037844385,0.2,[1.51967137 1.31607401],0,10000000,0.48360583583735306,-0.06430166470787954,0.5163938475457337,0.9100378726036242,0.5472888396640062,-650.6805397848311,-2555.953333776397,5.295070579359442,19868.411555704875,20139.200000000004,19867.32199987078,0.994846904739213,0.09814864254455388,0.40215806241809526,81,57,,,21.926643418186003,1.7325663625999965e-05,10
0.5,1,1.074569931823542,1000,5,200.0,0.8660254037844385,0.2,[1.51967137 1.31607401],0,10000000,0.48586104545389175,-0.061812854824213635,0.5141390154670257,0.8976490678920969,0.5368851272783287,-593.1273358773229,-2597.43538570935,-40.96670655188642,21003.40950910613,20069.640000000003,21001.930698876433,,1.358273663926142,0.40215806241809526,47,27,,,15.407167859992715,0.00045120718667335247,10
0.5,1,1.074569931823542,1000,5,200.0,0.8660254037844385,0.2,[1.51967137 1.31607401],0,10000000,0.47919044290556734,-0.07187146046394116,0.5208086654630989,0.9261654115158598,0.575352226424401,-843.4439074717122,-2916.3069239510005,65.98179397602718,20282.486561069625,19881.520000000004,20281.27451912463,,1.378862069853281,0.40215806241809526,154,121,,,28.577903678563263,6.22855156229285e-07,10
0.5,1,1.074569931823542,1000,5,200.0,0.8660254037844385,0.2,[1.51967137 1.31607401],0,10000000,0.5074522813926166,-0.03237643174389416,0.49254703044960896,2.2427742956986245,0.4033635782863864,302.8645127849064,-1312.1641038651585,-11.6005491102069,20252.41996065147,20113.960000000003,20251.188195859228,0.952207132307472,0.2527886653813488,0.40215806241809526,70,25,,,5.533783532242106,0.06285707591457845,10
0.5,1,1.074569931823542,1000,5,200.0,0.8660254037844385,0.2,[1.51967137 1.31607401],0,10000000,0.48079689403634945,-0.052859455626091525,0.5192015839981184,0.959383631388071,0.5099972554877921,-763.9655775904712,-2106.150486219602,18.433935455692225,19913.93168032531,20024.920000000006,19912.795712311898,,1.9000078637335345,0.40215806241809526,105,67,,,8.193295262615989,0.01662832634904876,10
0.5,1,1.074569931823542,1000,5,200.0,0.8660254037844385,0.2,[1.51967137 1.31607401],0,10000000,0.4697867802556925,-0.034478488669145206,0.5302125771987017,1.144923265805411,0.4662889194410269,-1156.1858433570483,-1320.7682628052114,-1.4883058194024996,19144.534656400167,20064.520000000004,19143.519456162325,0.9978790933135149,0.06410672115916752,0.40215806241809526,70,42,,,8.818992382291542,0.012161303759275488,10
0.5,1,1.074569931823542,1000,5,200.0,0.8660254037844385,0.2,[1.51967137 1.31607401],0,10000000,0.4661416624325303,-0.04231666584328328,0.5338579374075526,1.1225493197498913,0.5018411316717695,-1345.68164651132,-1683.6154182047267,-1.3898926465836359,19884.21038463653,19984.720000000005,19882.98870914231,0.9612853026285217,0.23433709622484453,0.40215806241809526,77,53,,,8.386268665115582,0.015098885700429054,10
0.5,1,1.074569931823542,1000,5,200.0,0.8660254037844385,0.2,[1.51967137 1.31607401],0,10000000,0.4742290279109612,-0.06260244032570027,0.5257703074667899,0.980465010986608,0.5519083567830239,-1072.8022155250042,-2608.883688867585,-30.681743897912206,20829.191447049194,20115.960000000003,20827.83149797941,,0.6211719369553822,0.40215806241809526,53,21,,,19.48581929115279,5.870946235453367e-05,10
0.5,1,1.074569931823542,1000,5,200.0,0.8660254037844385,0.2,[1.51967137 1.31607401],0,10000000,0.4751739029714835,-0.044508175332946626,0.524824433163669,1.0395336310822538,0.48859103813829846,-960.232235820024,-1723.654657269075,47.46508662857157,19354.866114221833,19944.320000000003,19353.803694491082,,2.3178818190152577,0.40215806241809526,122,92,,,5.364000847240396,0.06842613589420643,10
0.5,1,1.074569931823542,1000,5,200.0,0.8660254037844385,0.2,[1.51967137 1.31607401],0,10000000,0.4714446046954528,-0.05037924598794684,0.5285537780368179,1.0430389586672852,0.5164409804432435,-1131.8188515030704,-1998.5732036440493,0.24302870212411348,19828.736431891102,19988.120000000003,19827.77725410645,0.9985636042941615,0.05299696409398547,0.40215806241809526,80,56,,,7.419986581882561,0.024477687493344447,10
0.5,1,1.074569931823542,1000,5,200.0,0.8660254037844385,0.2,[1.51967137 1.31607401],0,10000000,0.47772868282053493,-0.007239809859686814,0.5222703819292833,1.4131711461464902,0.3426793725925295,-887.291229957047,-289.3691039075588,10.70930662371832,19938.23669291112,19975.640000000003,19937.188666283982,,1.126445036090097,0.40215806241809526,91,55,,,2.991172610177939,0.22411716516799496,10
0.5,1,1.074569931823542,1000,5,200.0,0.8660254037844385,0.2,[1.51967137 1.31607401],0,10000000,0.487227296472232,-0.0466756515656121,0.5127719033151604,0.9187233725472245,0.4776256016661175,-497.00131391521256,-1819.4824667166624,26.251174999513413,19483.29064746728,20006.920000000006,19482.289640796174,,10.179304017489995,0.40215806241809526,108,77,,,10.324671862554451,0.005728303122590983,10
0.5,1,1.074569931823542,1000,5,200.0,0.8660254037844385,0.2,[1.51967137 1.31607401],0,10000000,0.45802463704837665,-0.03927143491475925,0.5419743521315865,1.1944692051401997,0.5147789540524897,-1707.1791479150615,-1598.8868809265616,69.97805523131582,20345.084561607364,19684.440000000002,20343.823625394365,,0.5455666269597275,0.40215806241809526,155,121,,,10.611178754910656,0.004963771830935659,10
0.5,1,1.074569931823542,1000,5,200.0,0.8660254037844385,0.2,[1.51967137 1.31607401],0,10000000,0.48902875116648004,-0.035200526888210626,0.5109707106045704,0.9361276658354533,0.4229123244478487,-430.9067215651909,-1385.8391839007948,-36.651998599382786,19674.376588845415,19925.520000000004,19673.390399269556,,1.294940553323135,0.40215806241809526,27,7,,0.9550828477152421,5.613537514620404,0.06039984397076392,10
0.5,1,1.074569931823542,1000,5,200.0,0.8660254037844385,0.2,[1.51967137 1.31607401],0,10000000,0.4623505401667448,-0.058060975112811844,0.5376481809503431,1.0728585370546058,0.556976975221563,-1456.9467787611502,-2248.6072766675356,14.418056572723271,19357.102475819833,20029.720000000005,19355.881861530997,,1.3187920580784829,0.40215806241809526,109,65,,,15.97989263388898,0.00033885227350061164,10
0.5,1,1.074569931823542,1000,5,200.0,0.8660254037844385,0.2,[1.51967137 1.31607401],0,10000000,0.4789313502598236,-0.028792555328201477,0.5210679699538677,1.1008916329108012,0.41659088950018947,-847.6763578649869,-1160.2033157446983,26.249972749366087,20135.354707770253,20036.040000000005,20134.179982352944,,1.8298864200764124,0.40215806241809526,103,78,,,5.706920081817749,0.05764452301198464,10
0.5,1,1.074569931823542,1000,5,200.0,0.8660254037844385,0.2,[1.51967137 1.31607401],0,10000000,0.45518741185783684,-0.05590061109679102,0.5448115913699428,1.123084675429851,0.565089413404889,-1813.4774432113243,-2263.911815525921,6.026699199348419,20241.35556545316,19821.880000000005,20240.1006790425,0.9962765535538047,0.08411078245489997,0.40215806241809526,83,63,,,28.464470673197685,6.592023215068465e-07,10
0.5,1,1.074569931823542,1000,5,200.0,0.8660254037844385,0.2,[1.51967137 1.31607401],0,10000000,0.4900834215106714,-0.047596410750811266,0.5099128989731563,0.8878651036825431,0.47862759351660056,-395.5578287517095,-1903.0759041486644,-13.597300939750294,19983.335384350026,19966.920000000006,19982.0627824213,,1.0484557735612425,0.40215806241809526,68,39,,,8.157191903764435,0.01693122122110946,10
0.5,1,1.074569931823542,1000,5,200.0,0.8660254037844385,0.2,[1.51967137 1.31607401],0,10000000,0.46819399802790923,-0.016942733029881706,0.5318050963722323,1.3257216257131967,0.41843387888241507,-1296.7788327322578,-691.9353396269681,26.73835674594218,20398.37204132591,19934.960000000003,20397.125404278806,,1.0063718023238257,0.40215806241809526,108,79,,,6.839588669925364,0.032719163435056764,10
0.5,1,1.074569931823542,1000,5,200.0,0.8660254037844385,0.2,[1.51967137 1.31607401],0,10000000,0.482482324201442,-0.06697298538589859,0.5175175353269448,0.9131363040434756,0.5570814662903313,-738.5108384255323,-2827.5557021547143,32.22615824676424,21103.528623703067,19947.800000000003,21102.26584485509,,1.4119680980678642,0.40215806241809526,117,94,,,16.753126495565827,0.0002301997269584799,10
0.5,1,1.074569931823542,1000,5,200.0,0.8660254037844385,0.2,[1.51967137 1.31607401],0,10000000,0.5065110337317655,-0.05607293599940546,0.493488752137159,2.298216191587306,0.5108542124423341,262.45043598024176,-2253.1972267533424,-30.270427230297216,20084.577506345056,20128.560000000005,20083.451153718495,,0.5945229162921849,0.40215806241809526,46,18,,0.8407032231006412,11.328681760175911,0.00346743247347836,10
0.5,1,1.074569931823542,1000,5,200.0,0.8660254037844385,0.2,[1.51967137 1.31607401],0,10000000,0.43955019766862613,-0.08708158087159866,0.5604497477213313,1.0886950860571643,0.6607148295745325,-2384.9052134092303,-3437.1519331038735,-1.2473402314318118,19730.85009799853,20080.920000000006,19729.670498890802,0.9991753692245084,0.0403301764822903,0.40215806241809526,63,44,,,44.02692350617974,2.752168493103113e-10,10
0.5,1,1.074569931823542,1000,5,200.0,0.8660254037844385,0.2,[1.51967137 1.31607401],0,10000000,0.45888895609351066,-0.06545798929059389,0.54111080726342,1.0656222525939132,0.5830713221191183,-1679.7191566327565,-2676.5274151485914,-39.398496927685166,20437.813009682915,20095.040000000005,20436.56970333466,,1.0108674648285179,0.40215806241809526,37,5,,0.9908204242623585,19.690766396425694,5.299127936608805e-05,10
0.5,1,1.074569931823542,1000,5,200.0,0.8660254037844385,0.2,[1.51967137 1.31607401],0,10000000,0.47718223081899647,-0.04920513938339748,0.5228160499717474,1.002284622853192,0.5020420883521769,-893.8142859498803,-1929.6698328019422,-24.913465137383742,19601.213371553134,19978.040000000005,19600.150353597874,,3.0077064380876215,0.40215806241809526,52,31,,,12.71724771105329,0.0017317482085660307,10
0.5,1,1.074569931823542,1000,5,200.0,0.8660254037844385,0.2,[1.51967137 1.31607401],0,10000000,0.47213821656450355,-0.07524618590045248,0.5278603746328467,0.9625704821141159,0.5920273668986828,-1078.062666718223,-2913.998785928041,4.026492410129203,19358.479541547884,19911.520000000004,19357.41949130261,0.9915262538959668,0.12368883174625969,0.40215806241809526,75,56,,,31.60398852237089,1.3717693314596602e-07,10
0.5,1,1.074569931823542,1000,5,200.0,0.8660254037844385,0.2,[1.51967137 1.31607401],0,10000000,0.45849635671815103,-0.042240222667189554,0.5415036513148088,1.1735030323490143,0.5214058617635197,-1660.58030983092,-1691.38041803223,38.85262364933295,20012.478654381135,19726.120000000003,20011.29506183206,0.8227964217836597,0.36072237454349465,0.40215806241809526,119,96,,,12.041734754966926,0.0024275630680347104,10
0.5,1,1.074569931823542,1000,5,200.0,0.8660254037844385,0.2,[1.51967137 1.31607401],0,10000000,0.4940312118478816,-0.02274753720482964,0.5059687856840527,0.9132244666060185,0.34353111449151047,-239.36814569157065,-915.8145868111426,-18.299359450589943,20115.75656925626,20063.280000000002,20114.68242585837,,0.7279343734574594,0.40215806241809526,66,33,,,3.612153346751177,0.16429746660608635,10
0.5,1,1.074569931823542,1000,5,200.0,0.8660254037844385,0.2,[1.51967137 1.31607401],0,10000000,0.4482684782916211,-0.05998726670896013,0.5517313428620473,1.1410396632228037,0.5889208455808708,-2130.378489174084,-2472.119332144446,64.88696543106296,20597.50691468788,19657.320000000003,20596.28439073068,,0.45447077625983023,0.40215806241809526,150,119,,,27.255643906698637,1.2064577714632208e-06,10
0.5,1,1.074569931823542,1000,5,200.0,0.8660254037844385,0.2,[1.51967137 1.31607401],0,10000000,0.45624165396258387,-0.03902255292370695,0.5437582774509715,1.2064772898040332,0.5191690879634128,-1764.183221698682,-1574.476809806089,-35.31033002986131,20165.504070976913,20056.560000000005,20164.26330029843,,1.5637620867963766,0.40215806241809526,38,19,,,10.251419965948696,0.005941997141704847,10
0.5,1,1.074569931823542,1000,5,200.0,0.8660254037844385,0.2,[1.51967137 1.31607401],0,10000000,0.45778430037401213,-0.06765722958892138,0.54221497927034,1.064163271810759,0.590536561177717,-1695.1107901467092,-2718.6398973404816,-15.4945984617949,20085.606771529932,20000.400000000005,20084.528299078946,,97.80262881257084,0.40215806241809526,57,34,,,16.845190165808955,0.000219843400077413,10
0.5,1,1.074569931823542,1000,5,200.0,0.8660254037844385,0.2,[1.51967137 1.31607401],0,10000000,0.46395214637847737,-0.04305997343093298,0.5360477528709691,1.1336886587834565,0.5096363961160872,-1429.7041890158432,-1709.230933108014,-17.16821970288157,19839.06178854444,20071.440000000002,19837.89688892811,,0.6219219130950868,0.40215806241809526,54,28,,,8.099826658270418,0.017423884717209126,10
0.5,1,1.074569931823542,1000,5,200.0,0.8660254037844385,0.2,[1.51967137 1.31607401],0,10000000,0.4794163644363922,-0.017199444515132948,0.5205830991980385,1.2222783507514037,0.36523658043226553,-819.8532121766134,-686.4090606922266,-21.294478908568014,19934.300522112073,20078.480000000003,19933.251777931935,,0.6955031847248077,0.40215806241809526,50,32,,,1.5036314265626043,0.47150964869900625,10
0.5,1,1.074569931823542,1000,5,200.0,0.8660254037844385,0.2,[1.51967137 1.31607401],0,10000000,0.4936784475877821,-0.05572968561759065,0.5063187246692016,0.8417001198182991,0.5094211074335658,-249.00858010156404,-2202.0126711652733,-3.003996885729346,19748.743286134755,19999.680000000004,19747.71210709169,,24.517189078368304,0.40215806241809526,68,44,,,7.575460985887386,0.022646940964168305,10
0.5,1,1.074569931823542,1000,5,200.0,0.8660254037844385,0.2,[1.51967137 1.31607401],0,10000000,0.5027265021749912,-0.06551462935845061,0.497273124122372,2.3352720084888996,0.5445581412818893,110.16616615452452,-2631.185436162156,17.558671165038454,20075.23113416956,19899.000000000004,20074.180275291026,,0.4393773554044406,0.40215806241809526,98,73,,,11.648848894059,0.0029545041367432523,10
0.5,1,1.074569931823542,1000,5,200.0,0.8660254037844385,0.2,[1.51967137 1.31607401],0,10000000,0.4748322360070731,-0.06234034888122198,0.5251673094850285,0.9770752060448283,0.550282957260506,-1000.0716867683423,-2479.6777526124106,6.000127106025713,19882.114322399513,19863.360000000004,19880.93540536309,0.9930162556316467,0.11314525381260312,0.40215806241809526,82,51,,,14.93319043846621,0.0005718720849897663,10
0.5,1,1.074569931823542,1000,5,200.0,0.8660254037844385,0.2,[1.51967137 1.31607401],0,10000000,0.5184202599319798,-0.043860862874539525,0.48157914598246565,2.157277119052692,0.47410711212720763,721.7870704763653,-1717.5459284271903,19.18807151646686,19570.160450077572,19834.920000000006,19569.016949846122,0.9094427700476112,0.30911296143425965,0.40215806241809526,99,71,,,6.164413494121347,0.045857948016898464,10
0.5,1,1.074569931823542,1000,5,200.0,0.8660254037844385,0.2,[1.51967137 1.31607401],0,10000000,0.47333836504032,-0.04619630446741764,0.5266615924133125,1.0468794746832264,0.4984026173758468,-1052.7673244635264,-1826.1283343441062,22.657569977018145,19756.244116310805,20007.680000000004,19755.1367496479,,7.699160634720453,0.40215806241809526,98,78,,,8.886236467205773,0.011759213316520856,10
0.5,1,1.074569931823542,1000,5,200.0,0.8660254037844385,0.2,[1.51967137 1.31607401],0,10000000,0.49774299418584894,-0.056208624741108215,0.5022562560217552,0.8052605236190566,0.5100834490608606,-91.1150998057557,-2292.455820505437,-8.582610795179137,20384.609184500205,20020.240000000005,20383.33498065171,,1.0394504011094312,0.40215806241809526,71,43,,,13.4538525470041,0.0011982102743842704,10
0.5,1,1.074569931823542,1000,5,200.0,0.8660254037844385,0.2,[1.51967137 1.31607401],0,10000000,0.48674461666280305,-0.04799400395585837,0.5132553524186517,0.919910947636492,0.4836486106677108,-524.2067022953073,-1901.3018669483092,19.189556764820185,19800.450120170637,19908.560000000005,19799.4853268304,,0.5452167616740128,0.40215806241809526,93,70,,,9.146154576949593,0.010326134280692179,10
0.5,1,1.074569931823542,1000,5,200.0,0.8660254037844385,0.2,[1.51967137 1.31607401],0,10000000,0.4833007282309518,-0.04666025297552221,0.5166982202583998,0.9569916968395427,0.4826492335873209,-669.3942863809588,-1873.3391506019816,-77.98256480455804,20066.579381007232,20303.320000000003,20065.437004409116,,0.6501974480720424,0.40215806241809526,0,-37,,0.9100937905905732,14.509036286931368,0.0007069729567787952,10
0.5,1,1.074569931823542,1000,5,200.0,0.8660254037844385,0.2,[1.51967137 1.31607401],0,10000000,0.48858091037804174,-0.03445973204234878,0.5114167988512602,0.9451011623622321,0.41993495759482896,-438.5812865081559,-1326.0995025852073,-41.72683564727121,19231.780756215794,20524.760000000006,19230.817829202595,0.9677108134287775,0.21882787033894605,0.40215806241809526,32,9,0.9831543864825465,0.9988654941360601,3.923041254150211,0.14064439056385591,10
0.5,1,1.074569931823542,1000,5,200.0,0.8660254037844385,0.2,[1.51967137 1.31607401],0,10000000,0.4809535989951229,-0.05954508633018762,0.5190452348752329,0.9399948226213999,0.5336540598055916,-757.7688581098506,-2372.1917695720676,47.43812477891148,19912.41649805155,19550.080000000005,19911.301751488027,0.9415159052120021,0.27071615300434,0.40215806241809526,120,102,,,15.302702136918738,0.00047540139510082735,10
0.5,1,1.074569931823542,1000,5,200.0,0.8660254037844385,0.2,[1.51967137 1.31607401],0,10000000,0.47827095966605276,-0.0630270175125829,0.5217268599877473,0.9512222166147775,0.5483444325635416,-851.8177080494991,-2473.572599747293,-36.53444896726009,19617.5013638142,20172.200000000004,19616.51806839228,,0.5614982681441086,0.40215806241809526,40,7,,0.9937334778706779,10.670566841460786,0.00481854424339323,10
0.5,1,1.074569931823542,1000,5,200.0,0.8660254037844385,0.2,[1.51967137 1.31607401],0,10000000,0.4695054395083554,-0.03763368717698226,0.5304944461107495,1.1256248853469377,0.4777925689503258,-1219.7451122193436,-1506.9528133442109,-2.486949446680096,20010.77660578582,19968.400000000005,20009.64514411846,0.9742461297413283,0.2001939541219576,0.40215806241809526,72,54,,,7.9584838192573395,0.01869981011168187,10
0.5,1,1.074569931823542,1000,5,200.0,0.8660254037844385,0.2,[1.51967137 1.31607401],0,10000000,0.45493480134135217,-1.6464826733971506e-06,0.5450629018150156,1.5706127861762142,0.46265766852652224,-1770.535314363352,-0.649930323186484,-52.77171528301195,19653.405875628898,20153.120000000003,19652.311819472376,,0.9087974325064763,0.40215806241809526,22,0,0.7580094147656699,,17.567010405276687,0.00015324000543903704,10
0.5,1,1.074569931823542,1000,5,200.0,0.8660254037844385,0.2,[1.51967137 1.31607401],0,10000000,0.47310016030197627,-0.029449426758870693,0.5268985950552268,1.1551752279364957,0.4381557675576701,-1039.3266127352479,-1139.2724087321435,28.347624524530122,19331.185272974897,20022.840000000004,19330.182838400007,,3.3830087281659926,0.40215806241809526,101,83,,,6.933320514626319,0.031221127267831217,10
0.5,1,1.074569931823542,1000,5,200.0,0.8660254037844385,0.2,[1.51967137 1.31607401],0,10000000,0.485919440560393,-0.0538268448306923,0.5140806182521619,0.9131192202667469,0.5076326055340867,-562.9129446783656,-2155.540685345858,-34.4349223011411,20016.006698825506,20049.720000000005,20014.873076630687,,1.76080153007552,0.40215806241809526,42,9,,,9.867795114509809,0.007198392388577557,10
0.5,1,1.074569931823542,1000,5,200.0,0.8660254037844385,0.2,[1.51967137 1.31607401],0,10000000,0.4732039124159856,-0.05022607216673562,0.5267945474527709,1.0302217502395667,0.5126639099961781,-1031.262711220046,-1935.0627411410526,-22.30738967946921,19255.634921336838,19998.800000000003,19254.575645450597,,51.06836164357406,0.40215806241809526,54,21,,,15.925115914666303,0.00034826113998909225,10
0.5,1,1.074569931823542,1000,5,200.0,0.8660254037844385,0.2,[1.51967137 1.31607401],0,10000000,0.45117338848484306,-0.06543875872404752,0.5488218938274946,1.105734029396599,0.5961995235098279,-1897.7307786705805,-2545.2792121928996,-58.54504874988674,19441.74823431046,20204.960000000003,19440.749337689016,,0.7696668295241756,0.40215806241809526,13,-10,0.9824193875266539,0.9903119411830947,20.888481107697267,2.9115480367325475e-05,10
0.5,1,1.074569931823542,1000,5,200.0,0.8660254037844385,0.2,[1.51967137 1.31607401],0,10000000,0.4795597283402458,-0.04664833227004211,0.5204401317353292,0.991655305686637,0.4884626164973815,-808.8785687117802,-1848.342589481767,8.52125054158383,19803.336620661306,19934.800000000003,19802.284536377883,0.8685730901578754,0.3394487952397878,0.40215806241809526,86,60,,,7.865479494690612,0.01958992751087274,10
0.5,1,1.074569931823542,1000,5,200.0,0.8660254037844385,0.2,[1.51967137 1.31607401],0,10000000,0.476873184816192,-0.037034399795532504,0.5231244063613819,1.0641923824170654,0.45630868495080357,-915.3754671420344,-1467.900268141556,31.115720816042458,19807.905893667717,19949.880000000005,19806.78349814209,,1.6117175139855084,0.40215806241809526,107,81,,,6.512566341601074,0.03853134662944424,10
0.5,1,1.074569931823542,1000,5,200.0,0.8660254037844385,0.2,[1.51967137 1.31607401],0,10000000,0.4495417649905147,-0.038216177685528326,0.5504574207740708,1.2465069063517624,0.5364208729662269,-2068.245145694061,-1567.6560988560925,62.73581110179433,20500.421703567925,19599.840000000004,20499.216201273506,0.7533989065803187,0.3798168785313259,0.40215806241809526,144,124,,,11.751652777679174,0.0028064739971751518,10
0.5,1,1.074569931823542,1000,5,200.0,0.8660254037844385,0.2,[1.51967137 1.31607401],0,10000000,0.48455029422710955,-0.024559125786801916,0.5154488824124319,1.0657283246837448,0.3788595440312535,-620.4764473971373,-988.2247216945227,-16.839617056413147,20105.166301970847,20078.160000000003,20104.080732245828,,0.5429070492380954,0.40215806241809526,64,33,,,4.600600321742897,0.10022875445693757,10
0.5,1,1.074569931823542,1000,5,200.0,0.8660254037844385,0.2,[1.51967137 1.31607401],0,10000000,0.48724769492667974,-0.04565966747845902,0.5127489962533885,0.9213310050969696,0.47331671415319493,-508.67260101215015,-1824.718175620899,55.6120560506121,19973.61951365378,19718.840000000004,19972.531432644068,,0.5049078111594454,0.40215806241809526,140,100,,,12.442654529504457,0.0019866067135885235,10
0.5,1,1.074569931823542,1000,5,200.0,0.8660254037844385,0.2,[1.51967137 1.31607401],0,10000000,0.4790541534080094,-0.06608976680861224,0.5209458365872556,0.9386882067596305,0.5574216606808604,-813.176300592995,-2568.7840485334127,-45.37411657507326,19428.5267569497,20201.280000000002,19427.604893560758,,0.6082496381596622,0.40215806241809526,22,10,0.9231322894144965,0.9898853613214088,13.604444695829724,0.0011113027003042397,10
0.5,1,1.074569931823542,1000,5,200.0,0.8660254037844385,0.2,[1.51967137 1.31607401],0,10000000,0.46300721439860004,-0.054098830891308264,0.5369928013241336,1.0851041176548721,0.5443900766138096,-1474.877163316898,-2158.544843836669,14.461131294565108,19943.632927318886,20032.120000000003,19942.504352966265,,1.1529676468611534,0.40215806241809526,105,72,,,14.920473415178696,0.0005755199254284804,10
0.5,1,1.074569931823542,1000,5,200.0,0.8660254037844385,0.2,[1.51967137 1.31607401],0,10000000,0.48208269982211305,-0.039577514024713045,0.5179155381499381,0.9976493898739203,0.4553013372378191,-719.7427204650212,-1592.4081294739435,-30.752232861153452,20108.719449846063,19993.120000000003,20107.4728152256,,11.259508628814606,0.40215806241809526,38,10,,,6.658754834048622,0.035815396183832116,10
0.5,1,1.074569931823542,1000,5,200.0,0.8660254037844385,0.2,[1.51967137 1.31607401],0,10000000,0.4695941718060451,-0.04681070256090714,0.5304049434472375,1.0732027595116251,0.5083113933341495,-1233.8308103597167,-1901.3871913681103,6.554259461412923,20301.654137457837,19661.360000000004,20300.632518508406,0.9988350186520838,0.04781809011330058,0.40215806241809526,96,67,,,11.105625296201142,0.003876538556654263,10
0.5,1,1.074569931823542,1000,5,200.0,0.8660254037844385,0.2,[1.51967137 1.31607401],0,10000000,0.492369754788443,0.003907327904621957,0.507629787967988,1.8071333719614473,0.21112467440503255,-309.82820118733054,158.42586851731414,-25.913502577182836,20353.93875274962,19913.440000000002,20352.846835503777,,0.7360435819098066,0.40215806241809526,60,32,,,0.39746347478252186,0.8197697774173234,10
0.5,1,1.074569931823542,1000,5,200.0,0.8660254037844385,0.2,[1.51967137 1.31607401],0,10000000,0.4562951341889135,-0.04815202577510608,0.5437048034394572,1.1537075916299944,0.5425906160452995,-1691.1496732707951,-1864.7412735145056,-6.504356494448686,19355.49408274893,20054.240000000005,19354.438222156048,0.8890924671920274,0.3260415073085837,0.40215806241809526,71,47,,,14.608694695017755,0.0006726083477908151,10
0.5,1,1.074569931823542,1000,5,200.0,0.8660254037844385,0.2,[1.51967137 1.31607401],0,10000000,0.4865943127386969,-0.05510783308194912,0.5134055933806799,0.9045070418242347,0.5118572636938531,-521.5344388651341,-2147.7476211088424,21.575894430198034,19479.826247810506,19982.720000000005,19478.832666321956,,3.3516192706137615,0.40215806241809526,96,69,,,17.24640593033483,0.0001798831714732163,10
0.5,1,1.074569931823542,1000,5,200.0,0.8660254037844385,0.2,[1.51967137 1.31607401],0,10000000,0.4670173952441351,-0.06358877778883794,0.5329820638949092,1.0244365867067842,0.5650594209177671,-1312.8861269012252,-2533.703109690264,2.6099052961587845,19915.56347609023,20105.200000000004,19914.42495760029,0.9979059520469747,0.06371054706427219,0.40215806241809526,82,54,,,25.316948236143315,3.1804937113966147e-06,10
0.5,1,1.074569931823542,1000,5,200.0,0.8660254037844385,0.2,[1.51967137 1.31607401],0,10000000,0.47874866561084717,-0.05944462714212466,0.5212467623872499,0.9568641328683147,0.5358682223289634,-830.7925750396575,-2326.8950620625014,42.931098994309,19564.580662736273,19749.280000000002,19563.57144561479,,0.4555862079254542,0.40215806241809526,127,100,,,15.424767457126608,0.00044725407312973253,10
0.5,1,1.074569931823542,1000,5,200.0,0.8660254037844385,0.2,[1.51967137 1.31607401],0,10000000,0.4915635676983989,-0.03751243465486148,0.5084363699659236,0.8957295580202755,0.43101555712604456,-321.91676377908954,-1435.1073606426787,-76.53862950969176,19120.41142693272,20674.800000000003,19119.43497202027,0.9021949041316744,0.3156408643989111,0.40215806241809526,-17,-32,0.9974496219183686,0.9902303109576176,6.4056368505926224,0.04064748049726319,10
0.5,1,1.074569931823542,1000,5,200.0,0.8660254037844385,0.2,[1.51967137 1.31607401],0,10000000,0.4817954213533354,-0.07560027712105542,0.5182035123284153,0.9034037182592584,0.5845291906193183,-740.2471587640839,-3078.039928379722,-2.0004779155644057,20351.178422902165,20011.640000000003,20349.889020473718,,0.42267018006863327,0.40215806241809526,78,39,,,17.389595221864734,0.00016745471341406137,10
0.5,1,1.074569931823542,1000,5,200.0,0.8660254037844385,0.2,[1.51967137 1.31607401],0,10000000,0.4668058323471674,-0.03912668996765274,0.5331936473750634,1.136908555237429,0.49002624975159437,-1360.9082387556002,-1605.856904907149,-13.040651625011664,20510.7899023802,19997.040000000005,20509.483232474315,,10.667014995222944,0.40215806241809526,76,41,,,10.667434489054076,0.004826096845531147,10
0.5,1,1.074569931823542,1000,5,200.0,0.8660254037844385,0.2,[1.51967137 1.31607401],0,10000000,0.5114544722849231,-0.07991205535078116,0.4885455892873969,2.284908780208739,0.5935206529994791,437.52255065700024,-3047.974662540414,26.958099413029686,19066.427578301882,19861.160000000003,19065.56500451,,0.544019162146557,0.40215806241809526,113,83,,,13.260269069430615,0.0013199854902021801,10
0.5,1,1.074569931823542,1000,5,200.0,0.8660254037844385,0.2,[1.51967137 1.31607401],0,10000000,0.4599519059532937,-0.03968928015462399,0.5400472641687273,1.1801132993206986,0.5105163685666518,-1628.841766591628,-1615.7591130720384,-14.860647015213955,20344.80178580264,19942.040000000005,20343.614780293356,,0.6309554584350424,0.40215806241809526,67,35,,,9.198069756284955,0.010061541673967889,10
0.5,1,1.074569931823542,1000,5,200.0,0.8660254037844385,0.2,[1.51967137 1.31607401],0,10000000,0.48313367632423737,-0.08102373270930087,0.516863909662052,0.88789565884193,0.5995118859622041,-679.1449019725596,-3266.4452781504447,57.4072063721989,20152.468102154922,19654.640000000003,20151.28997392519,,0.41677567786090775,0.40215806241809526,137,106,,,27.56111990275278,1.035568557239408e-06,10
0.5,1,1.074569931823542,1000,5,200.0,0.8660254037844385,0.2,[1.51967137 1.31607401],0,10000000,0.48996848761885403,-0.05855070599615575,0.5100314207771429,0.8700266342443344,0.5221705510207281,-398.6805798889829,-2332.9392748759974,14.399982521755021,19914.379712770537,19916.240000000005,19913.24273905681,,0.4415540349520178,0.40215806241809526,99,69,,,11.498355791408555,0.0031853984501195587,10
0.5,1,1.074569931823542,1000,5,200.0,0.8660254037844385,0.2,[1.51967137 1.31607401],0,10000000,0.47806620674079414,-0.04320899078244749,0.5219330464504217,1.0200064480861863,0.477893222205874,-846.5017261300071,-1669.692177545273,29.450283005649826,19312.710104198773,19933.320000000003,19311.808221651077,,1.206153242519195,0.40215806241809526,108,78,,,8.693616045820491,0.012948076652489093,10
0.5,1,1.074569931823542,1000,5,200.0,0.8660254037844385,0.2,[1.51967137 1.31607401],0,10000000,0.4748203763031897,-0.05445420940998532,0.5251792506845324,1.0017491649562493,0.524362373477536,-1016.3401856165364,-2200.368647189244,31.031428980409096,20195.479372810398,20134.880000000005,20194.206338868556,,0.5745466617799135,0.40215806241809526,110,77,,,10.330242058696971,0.005712371432570418,10
0.5,1,1.074569931823542,1000,5,200.0,0.8660254037844385,0.2,[1.51967137 1.31607401],0,10000000,0.47707067429705763,-0.04407114580985087,0.5229290526760283,1.0249935606832328,0.48315934381558284,-947.5760028672371,-1823.7249143994225,-32.73952263832761,20681.23430080643,20374.120000000003,20679.968952488925,0.9715373233465587,0.20832886468089837,0.40215806241809526,42,7,0.9437466882588679,0.9989914057655364,10.383141988055765,0.005563260097809497,10
0.5,1,1.074569931823542,1000,5,200.0,0.8660254037844385,0.2,[1.51967137 1.31607401],0,10000000,0.4493235796016202,-0.05046249365500349,0.5506756713879518,1.178993551660241,0.5646444773946071,-1956.544761282692,-1949.5426502088606,-54.931109456930415,19310.121206843225,20204.880000000005,19309.12332695443,,0.7323204856246025,0.40215806241809526,19,-12,0.9519295685071106,0.9849237803508231,10.979150099990393,0.004129598674418089,10
0.5,1,1.074569931823542,1000,5,200.0,0.8660254037844385,0.2,[1.51967137 1.31607401],0,10000000,0.4691234348543568,-0.04434443798796782,0.5308751969129161,1.0892976062939381,0.5012105860240329,-1181.8992997729354,-1698.9915158476608,34.66247387077328,19149.094035870923,19801.840000000004,19148.0146063897,,0.485850389375167,0.40215806241809526,109,82,,,9.46523856692948,0.008803382261308501,10
0.5,1,1.074569931823542,1000,5,200.0,0.8660254037844385,0.2,[1.51967137 1.31607401],0,10000000,0.4817141567676373,-0.0474509316335272,0.5182852408411226,0.9690658737893038,0.48814102177389807,-722.2842084312002,-1877.0336393580126,-5.802755341736842,19770.39213034395,20027.000000000004,19769.376072788873,,0.560065996603167,0.40215806241809526,74,42,,,7.37887509656649,0.024986051538406828,10
0.5,1,1.074569931823542,1000,5,200.0,0.8660254037844385,0.2,[1.51967137 1.31607401],0,10000000,0.4691909447444215,-0.02941151031501714,0.5308070199841062,1.189390863074062,0.45125772897053723,-1185.996638030502,-1133.594572189492,-11.870907742461235,19259.259862210012,19862.880000000005,19258.225986437497,0.9597423812802429,0.23772927548960518,0.40215806241809526,66,34,,,9.949859361083336,0.00690900475984535,10
0.5,1,1.074569931823542,1000,5,200.0,0.8660254037844385,0.2,[1.51967137 1.31607401],0,10000000,0.49903245308057137,-0.047251995177063646,0.5009661791789141,0.7954409810683887,0.4727056810109758,-36.17621067153108,-1800.8564347432298,47.78097788955235,19047.785401180547,19821.400000000005,19046.819285470785,,0.7510146988004118,0.40215806241809526,128,105,,,9.624122486577434,0.008131082273677315,10
0.5,1,1.074569931823542,1000,5,200.0,0.8660254037844385,0.2,[1.51967137 1.31607401],0,10000000,0.4831040002877858,-0.048780014169274764,0.51689466427804,0.9518741055126557,0.4913592488574468,-663.5675880411967,-1918.7879856422828,-18.885024306085374,19660.4854537092,19913.640000000003,19659.41286894133,,0.5762461887713877,0.40215806241809526,58,27,,,12.463614793966107,0.001965895530074646,10
0.5,1,1.074569931823542,1000,5,200.0,0.8660254037844385,0.2,[1.51967137 1.31607401],0,10000000,0.4686549667916212,-0.059417316043068484,0.5313445148042487,1.0279238778523538,0.5500981398740853,-1303.8296748940313,-2473.83302421156,-33.50561340454636,20810.81180431749,20119.240000000005,20809.49540066554,,0.6608478809009005,0.40215806241809526,53,13,,0.9502139276181669,30.628090694610584,2.2345733241557753e-07,10
0.5,1,1.074569931823542,1000,5,200.0,0.8660254037844385,0.2,[1.51967137 1.31607401],0,10000000,0.4988771031012288,-0.047162584367799666,0.5011229079734112,0.7971075335615733,0.4723181415881091,-43.996979538486904,-1878.3647383029527,-10.361784695014057,19906.064123326356,19995.880000000005,19904.931745268463,,6.464971828942329,0.40215806241809526,74,48,,,6.010655225733235,0.0495225274533414,10
0.5,1,1.074569931823542,1000,5,200.0,0.8660254037844385,0.2,[1.51967137 1.31607401],0,10000000,0.4482645843294779,-0.037302936345334485,0.5517345190654145,1.258248295511401,0.5381489668915369,-2035.4391262987094,-1468.8349912147073,20.987059308041644,19677.806292955975,19960.480000000003,19676.832215643284,,1.3969460100003612,0.40215806241809526,104,81,,,12.615588936405864,0.0018220473943737492,10
0.5,1,1.074569931823542,1000,5,200.0,0.8660254037844385,0.2,[1.51967137 1.31607401],0,10000000,0.4726751598489203,-0.04687572027839626,0.5273248912249868,1.0490553399226716,0.5021174625570214,-1096.4244355235098,-1882.8715548950122,-7.250399291094394,20075.614531855346,20129.280000000002,20074.476003296557,0.9885485518570604,0.14173398144329455,0.40215806241809526,67,43,,,10.133418152686247,0.006303129163080401,10
0.5,1,1.074569931823542,1000,5,200.0,0.8660254037844385,0.2,[1.51967137 1.31607401],0,10000000,0.46765062691255316,-0.09080777053342068,0.5323491959090643,0.9563755707877591,0.6369520581304549,-1337.225881147111,-3756.9086350956004,-73.22998900290018,20680.99016008596,20426.600000000002,20679.725569594135,,0.40861904491202317,0.40215806241809526,4,-24,0.9997497119896099,0.9899076684002082,36.12610772443802,1.4299319839317093e-08,10
0.5,1,1.074569931823542,1000,5,200.0,0.8660254037844385,0.2,[1.51967137 1.31607401],0,10000000,0.517245505881767,-0.05383408016711687,0.48275322675964016,2.2010448673398924,0.5111680041625724,681.7487301716614,-2126.096398227935,-52.839833167759444,19740.2830956394,20107.360000000004,19739.242666460807,,1.2864685753059562,0.40215806241809526,21,-16,,0.6924924764921057,5.610864453846829,0.06048062416815747,10
0.5,1,1.074569931823542,1000,5,200.0,0.8660254037844385,0.2,[1.51967137 1.31607401],0,10000000,0.4566161962376064,-0.04547766319813262,0.5433822728997514,1.1660986728234528,0.5348314944787964,-1769.7562355340867,-1856.7999372707052,32.844315047597114,20404.719826253477,19999.200000000004,20403.414608678577,,100.44054379282177,0.40215806241809526,130,89,,,20.66109705123671,3.262118853630813e-05,10
0.5,1,1.074569931823542,1000,5,200.0,0.8660254037844385,0.2,[1.51967137 1.31607401],0,10000000,0.49664681327323634,-0.04920084499196246,0.5033528588651851,0.8191995537476442,0.48164123832150024,-130.91636556416123,-1933.60196464931,1.5139973771011956,19642.096058640334,20005.800000000003,19641.063215854978,,0.6891623375161288,0.40215806241809526,77,37,,,6.335214080048683,0.04210423118975437,10
0.5,1,1.074569931823542,1000,5,200.0,0.8660254037844385,0.2,[1.51967137 1.31607401],0,10000000,0.4570760566397542,-0.06577367847447119,0.5429227710756014,1.0743365313715405,0.5868857817476838,-1697.6587100055299,-2603.2200638671966,-42.902315455386805,19782.807550738577,20252.360000000004,19781.704454703446,,0.4423968759574575,0.40215806241809526,34,7,0.8471858476791662,0.9972910732988676,15.083503832501288,0.0005304674726785974,10
0.5,1,1.074569931823542,1000,5,200.0,0.8660254037844385,0.2,[1.51967137 1.31607401],0,10000000,0.4779517070976415,-0.030895922304466996,0.5220476976146196,1.094919672084259,0.4284589985586385,-901.2867239131538,-1265.0254881407818,-0.5440110267773016,20460.49011037098,20001.760000000006,20459.03985517846,,0.7520783238911457,0.40215806241809526,85,51,,,5.360377708902064,0.06855020692004898,10
0.5,1,1.074569931823542,1000,5,200.0,0.8660254037844385,0.2,[1.51967137 1.31607401],0,10000000,0.46683028197860527,-0.051277181737619054,0.5331680804900139,1.0722763745133697,0.5283250500105318,-1307.1836517579968,-2022.6240403594388,10.083237387940262,19715.696374541505,19923.400000000005,19714.682697505435,0.8586351630841804,0.344937501931433,0.40215806241809526,91,66,,,13.775327922918567,0.0010202945065397317,10
0.5,1,1.074569931823542,1000,5,200.0,0.8660254037844385,0.2,[1.51967137 1.31607401],0,10000000,0.4758746216788361,-0.057842129104729426,0.5241249552713082,0.9827835359452001,0.5342125762454243,-989.9419124933853,-2375.9969436527163,14.181680712910495,20531.093815387198,20058.760000000006,20529.879089109676,,0.583200545139517,0.40215806241809526,99,63,,,8.920199076716623,0.0115612124460861,10
